;description;id
0;Profile for flight with uids: 2703 2709 2711 2712 2717 2736 2771 2772 2814 2822 2825 2826 2829 2838 2841 2844 2845 2848 2850 2851 2853 2854 2856 2857 2859 2860 2862 2863 2865 2866 2868 2869 2871 2872 2874 2875 2877 2878 2880 2881 2883 2884 2887 2889 2890 2893 2895 2898 2905 2908 2910 2911 2914 2916 2917 2919 2920 2922 2923 2925 2928 2929 2931 2932 2934 2935 2937 2938 2940 2941 2943 2944 2946 2947 2949 2950 2953 2955 2958 2959 2961 2964 2970 2971 2973 2976 2977 2980 2983 2985 2986 2988 2989 2991 2992 2994 2995 2998 3498 3503 3504 3512 3530 3531 3540 3545 3549 3551 3569 3594 3599 3611 3647 3656 3660 3668 3672 3681 3692 3693 3696 3701 3708 3752 3753 3801 3807 3809 3812 3815 3816 3824 3825 3827 3828 3830 3831 3833 3834 3836 3837 3842 3843 3845 3846 3848 3849 3851 3852 3854 3855 3857 3858 3860 3863 3864 3867 3872 3873 3875 3876 3879 3882 3885 3887 3891 3893 3894 3896 3897 3900 3902 3905 3906 3908 3909 3911 3912 3914 3915 3917 3920 3921 3923 3924 3927 3929 3930 3938 3939 3941 3942 3944 3945 3950 3954 3957 3960 3972 3974 3975 3977 3981 3983 3984 3986 3987 3989 3990 3992 3999 4001 4002 4006 4007 4009 4010 4012 4015 4018 4019 4021 4022 4024 4025 4033 4034 4036 4037 4039 4040 4048 4049 4051 4052 4054 4055 4057 4058 4060 4061 4063 4064 4066 4069 4070 4073 4076 4078 4079 4082 4084 4085 4087 4088 4090 4091 4094 4096 4097 4099 4102 4103 4105 4108 4109 4111 4112 4114 4115 4117 4120 4124 4127 4132 4136 4198 4202 4207 4208 4229 4231 4232 4234 4240 4241 4244 4246 4250 4253 4256 4261 4265 4268 4270 4276 4277 4291 4292 4294 4298 4300 4301 4303 4304 4306 4312 4318 4319 4322 4330 4333 4336 4339 4340 4343 4345 4346 4349 4352 4354 4355 4358 4360 4364 4366 4367 4369 4370 4379 4382 4622 4666 4673 5057 5060 5168 5218 5769 5771 5778 5781 5783 5786 5878 5995 ;0
1;Profile for flight with uids: 2254 2263 2265 2268 2271 2272 2274 2275 2281 2283 2410 2412 2413 2422 2544 2547 3098 3101 3102 3104 3105 3107 3108 3110 3111 3113 3117 3119 3329 3332 3333 3335 3339 3348 3446 3447 3449 3450 3453 3455 3456 3458 3459 3461 3462 4121 4130 4138 4169 4172 4174 4175 4181 4192 4210 4211 4223 4396 4417 4447 4465 4466 4477 4478 4492 4505 4957 4958 4960 4961 5633 5634 5637 5639 5640 5642 5643 5645 5646 5649 5651 5652 5654 5655 5657 5658 5660 5661 5664 5690 5697 5699 5790 5793 5795 5796 5798 5799 5801 5802 ;1
2;Profile for flight with uids: 539 540 1924 2145 2148 2196 2199 2206 2230 2343 2409 2499 2517 2518 2521 2532 2592 2605 2616 2633 2634 2636 2640 2643 2645 2648 2649 2652 2654 2655 2658 2661 2663 2664 2667 2672 2673 2678 2691 2693 2696 2699 2702 2751 2774 2775 2777 2780 2781 2790 2792 2795 2798 2804 2807 2896 3162 3204 3206 3207 3210 3212 3215 3221 3222 3251 3288 3290 3291 3294 3296 3297 3318 3342 3344 3351 3390 3393 3395 3396 3402 3422 3425 3426 3428 3429 3567 3570 3711 3713 3750 3861 3978 4003 4046 4106 4267 4280 4282 4283 4285 4286 4289 4609 4610 4682 4714 4723 4724 4727 4729 4730 4732 4733 4735 4739 4742 4750 4757 4759 4763 4765 4768 4777 4781 4840 4841 4843 4844 4846 4847 4849 4850 4853 4921 4925 4927 4928 4931 4948 4952 4954 4955 4963 4966 4967 4976 4979 4984 4996 4997 5003 5006 5017 5018 5020 5021 5033 5041 5042 5044 5048 5050 5051 5062 5065 5066 5069 5071 5072 5077 5078 5080 5081 5084 5086 5087 5089 5093 5096 5098 5107 5108 5116 5117 5119 5126 5132 5138 5143 5149 5170 5174 5177 5191 5200 5215 5216 5219 5222 5230 5231 5233 5756 5757 5787 5876 5888 5893 5894 5897 5909 5921 5923 5924 5929 5951 5962 5965 5968 5975 5986 5992 ;2
3;Profile for flight with uids: 1 2 4 5 7 8 10 11 13 14 16 17 19 20 22 23 25 26 28 29 31 32 34 35 37 38 40 41 43 44 46 47 49 50 52 53 55 56 58 59 61 62 64 65 67 68 70 71 73 74 76 77 79 80 82 83 85 86 88 89 91 92 94 95 97 98 100 101 103 104 106 107 109 110 112 113 115 116 118 119 121 122 124 125 127 128 130 131 133 134 136 137 139 140 142 143 145 146 148 149 151 152 154 155 157 158 160 161 163 164 166 167 169 170 172 173 184 185 188 190 191 193 194 196 197 199 200 202 203 205 206 208 209 211 212 214 215 217 218 220 221 223 224 226 227 229 230 232 233 236 238 239 241 242 244 245 247 248 250 251 253 254 256 257 259 260 262 263 265 266 268 269 271 272 274 277 278 286 287 289 290 292 293 295 296 298 299 301 302 304 305 307 308 310 311 313 314 316 317 319 320 322 323 325 326 328 329 331 335 337 338 340 341 343 344 346 347 349 350 352 353 355 356 358 359 364 365 368 370 371 373 374 377 379 380 382 386 388 389 391 392 394 395 397 398 400 401 403 404 406 407 409 410 412 413 415 416 418 419 421 422 424 425 427 428 430 431 433 434 436 439 443 445 446 448 449 451 452 455 456 458 461 462 464 465 467 468 470 471 473 474 476 477 479 480 482 483 485 486 488 489 491 492 494 495 497 498 500 501 503 504 506 507 509 510 512 513 515 516 518 519 521 522 524 525 528 530 531 533 534 536 537 542 543 545 549 551 552 554 555 557 558 561 563 564 566 567 569 570 572 573 575 576 578 579 581 584 585 587 588 590 591 593 594 596 597 599 600 602 603 605 606 608 609 611 612 614 615 617 618 620 624 625 626 628 631 632 634 635 638 640 641 643 644 646 647 649 650 652 653 655 656 658 659 661 664 665 667 668 673 674 676 677 679 680 682 683 685 686 688 691 692 694 698 700 701 703 704 706 707 709 710 712 713 715 716 718 719 721 722 724 725 727 728 731 733 734 736 737 739 740 742 743 745 746 748 749 751 752 754 755 757 758 760 761 763 764 766 767 769 770 772 773 774 775 777 780 781 783 786 789 790 792 793 795 796 798 799 801 802 804 805 807 808 811 814 816 819 820 822 823 825 829 831 832 834 835 837 838 841 843 844 846 847 849 850 852 853 856 858 859 861 864 865 867 868 870 873 877 879 880 882 885 886 891 892 894 895 897 898 900 901 903 904 906 907 909 910 912 913 915 916 918 919 921 922 927 928 930 931 933 934 936 939 940 942 943 945 946 948 949 952 954 955 958 960 961 963 964 966 970 972 973 975 976 978 979 981 982 984 985 987 988 990 991 993 994 996 997 999 1000 1002 1005 1006 1008 1009 1011 1014 1015 1016 1017 1019 1022 1023 1025 1026 1028 1029 1031 1035 1040 1041 1047 1059 1061 1064 1067 1071 1073 1074 1077 1079 1082 1085 1086 1088 1094 1097 1098 1103 1104 1106 1115 1116 1118 1119 1121 1122 1124 1130 1131 1133 1134 1137 1139 1140 1142 1143 1145 1146 1148 1149 1151 1152 1154 1157 1158 1160 1161 1163 1167 1170 1173 1175 1176 1178 1179 1181 1182 1184 1185 1188 1190 1191 1193 1194 1196 1197 1199 1200 1202 1203 1205 1211 1212 1214 1215 1218 1220 1221 1223 1224 1226 1227 1229 1235 1236 1242 1244 1250 1251 1254 1259 1260 1265 1268 1271 1272 1274 1275 1277 1278 1280 1281 1283 1284 1289 1290 1292 1293 1295 1296 1298 1299 1301 1302 1304 1305 1307 1308 1310 1311 1313 1314 1316 1317 1319 1320 1325 1326 1328 1331 1332 1334 1335 1337 1338 1340 1341 1343 1344 1346 1347 1349 1350 1352 1353 1355 1356 1358 1359 1365 1367 1368 1370 1371 1373 1374 1376 1377 1379 1380 1382 1383 1385 1391 1392 1398 1400 1401 1407 1409 1410 1412 1413 1415 1416 1418 1419 1422 1424 1425 1427 1428 1430 1431 1433 1434 1436 1437 1440 1442 1446 1448 1449 1451 1452 1454 1455 1457 1458 1460 1461 1463 1464 1466 1467 1469 1470 1472 1473 1475 1476 1478 1479 1483 1488 1489 1491 1492 1495 1496 1498 1499 1501 1503 1505 1508 1510 1511 1513 1514 1517 1519 1520 1522 1531 1534 1540 1543 1544 1549 1550 1552 1555 1556 1558 1561 1562 1565 1567 1570 1571 1573 1574 1576 1577 1579 1591 1592 1594 1595 1598 1607 1609 1612 1613 1615 1618 1619 1621 1622 1624 1625 1627 1628 1630 1631 1633 1634 1645 1646 1648 1651 1663 1669 1672 1673 1678 1679 1681 1682 1685 1687 1688 1691 1693 1694 1696 1697 1700 1705 1706 1708 1711 1715 1717 1718 1720 1721 1723 1724 1726 1727 1729 1730 1732 1733 1737 1738 1740 1741 1743 1744 1746 1747 1749 1750 1752 1753 1755 1756 1758 1761 1764 1765 1767 1768 1770 1771 1773 1774 1776 1777 1782 1783 1785 1786 1788 1789 1791 1794 1795 1798 1801 1803 1804 1806 1807 1815 1816 1819 1821 1822 1824 1825 1827 1828 1830 1833 1836 1837 1839 1840 1842 1843 1845 1846 1848 1849 1909 1923 1926 1927 1939 1957 1966 1969 1971 2005 2008 2010 2011 2014 2016 2017 2041 2043 2052 2055 2056 2058 2071 2098 2101 2104 2137 2139 2140 2142 2143 2146 2184 2191 2193 2197 2200 2235 2239 2245 2251 2292 2340 2341 2344 2373 2374 2385 2389 2406 2407 2416 2473 2515 2520 2523 2524 2527 2530 2584 2598 2604 2606 2607 2612 2615 2618 2621 2622 2700 2705 2706 2708 2714 2715 2720 2724 2729 2730 2732 2744 2747 2748 2750 2810 2811 2813 2819 2823 2828 2835 3039 3062 3066 3069 3071 3096 3099 3137 3138 3140 3141 3152 3161 3188 3189 3194 3195 3200 3201 3219 3225 3227 3228 3230 3252 3278 3279 3284 3285 3287 3293 3299 3305 3311 3314 3315 3324 3326 3330 3347 3353 3369 3371 3377 3384 3386 3387 3389 3392 3398 3399 3401 3404 3405 3410 3417 3423 3431 3432 3438 3444 3452 3477 3500 3515 3552 3555 3573 3575 3576 3578 3579 3582 3603 3609 3638 3639 3648 3662 3684 3705 3707 3714 3720 3735 3744 3749 3761 3839 3840 3866 3869 3870 3878 3980 4016 4030 4031 4042 4043 4045 4123 4126 4222 4238 4258 4274 4295 4307 4313 4315 4381 4384 4385 4388 4390 4391 4393 4394 4397 4604 4637 4639 4640 4643 4645 4651 4652 4654 4655 4661 4669 4676 4679 4684 4687 4691 4693 4696 4697 4699 4700 4708 4709 4712 4715 4720 4721 4726 4736 4769 4775 4783 4784 4786 4789 4790 4792 4793 4798 4799 4802 4804 4805 4807 4813 4814 4816 4817 4822 4823 4826 4831 4834 4835 4837 4838 4852 4855 4856 4859 4862 4864 4865 4867 4868 4871 4873 4877 4879 4880 4882 4883 4888 4897 4898 4900 4901 4906 4912 4915 4916 4918 4919 4922 4924 4949 4970 4973 4982 4999 5002 5005 5008 5009 5012 5015 5026 5029 5030 5032 5035 5038 5039 5045 5054 5059 5063 5068 5074 5075 5092 5120 5122 5123 5125 5128 5131 5134 5135 5141 5144 5147 5150 5152 5153 5155 5156 5159 5162 5164 5167 5179 5180 5185 5189 5192 5194 5203 5204 5207 5210 5212 5213 5224 5225 5227 5228 5313 5380 5409 5410 5461 5500 5636 5751 5754 5775 5784 5789 5792 5884 5885 5887 5891 5902 5906 5912 5920 5927 5930 5936 5944 5948 5950 5954 5956 5959 5960 5963 5966 5969 5978 5980 5981 5993 5999 ;3
4;Profile for flight with uids: 4550 4558 5531 5534 5535 5537 5541 5543 5544 5546 5547 5553 5693 5702 5703 5705 5708 5712 5714 5718 5721 5804 5805 5807 5808 5810 5811 5813 5814 5816 5817 5819 5820 5822 5825 5826 5828 5829 5831 5832 5834 5835 5837 5838 5840 5841 5844 ;4
5;Profile for flight with uids: 3209 3213 3341 4748 4751 4753 4754 5014 5188 5875 5879 5945 5972 ;5
6;Profile for flight with uids: 2684 2685 2687 2688 3350 3572 4549 4951 5110 5111 5114 5197 5696 5709 5720 5899 5903 5915 5941 5974 ;6
7;Profile for flight with uids: 5576 5577 5580 5582 5583 5585 5586 5588 5589 5591 5592 5594 5595 5597 5598 5600 5855 5856 5858 5859 5861 5862 5864 5865 5867 5868 5870 5871 5873 5874 ;7
8;Profile for flight with uids: 2304 2415 2545 2548 2551 2563 2642 2646 2657 2666 2670 2679 3203 3218 3320 3336 3338 3345 4480 4738 4745 4747 4756 4760 4766 4936 4937 4945 4964 4994 5000 5024 5027 5083 5090 5104 5195 5198 5201 5234 5601 5648 5663 5666 5667 5669 5670 5672 5673 5675 5676 5678 5679 5681 5682 5684 5685 5687 5688 5700 5900 5932 5938 5947 5971 5987 5996 ;8
9;Profile for flight with uids: 1851 1852 1854 1857 1858 1860 1861 1864 1866 1867 1869 1873 1875 1876 1878 1879 1882 1884 1885 1887 1888 1890 1893 1894 1897 1899 1900 1902 1905 1908 1911 1912 1914 1915 1918 1920 1929 1930 1932 1936 1938 1941 1942 1944 1945 1947 1948 1950 1953 1954 1960 1963 1965 1974 1975 1977 1980 1981 1983 1986 1987 1989 1990 1993 1995 1996 1998 1999 2001 2002 2004 2007 2019 2020 2025 2026 2028 2029 2031 2032 2034 2035 2037 2040 2044 2046 2053 2062 2065 2068 2070 2073 2074 2076 2080 2083 2085 2086 2088 2089 2091 2095 2097 2106 2107 2109 2112 2113 2116 2118 2119 2121 2122 2127 2130 2134 2136 2149 2151 2154 2155 2157 2158 2160 2161 2163 2164 2166 2167 2169 2170 2172 2173 2175 2178 2179 2181 2182 2188 2211 2215 2220 2221 2227 2229 2232 2233 2236 2293 2298 2299 2301 2302 2305 2307 2310 2311 2313 2317 2319 2322 2328 2331 2334 2337 2355 2356 2359 2361 2362 2364 2367 2368 2370 2371 2376 2377 2379 2380 2382 2392 2394 2436 2437 2440 2445 2446 2448 2451 2458 2464 2470 2475 2478 2482 2484 2485 2487 2488 2490 2491 2493 2494 2496 2497 2502 2503 2505 2506 2508 2572 2574 2575 2577 2590 2596 2599 2602 2718 2721 2723 2726 2727 2733 2735 2738 2739 2741 2742 2745 2831 2832 2834 2837 2839 2847 2926 2952 2956 2962 2965 2967 2968 2974 2979 2982 3014 3015 3017 3018 3020 3021 3023 3024 3026 3027 3029 3030 3032 3033 3035 3036 3042 3044 3045 3047 3048 3050 3051 3053 3054 3056 3057 3059 3060 3063 3065 3072 3074 3075 3077 3078 3080 3081 3083 3084 3086 3087 3090 3092 3093 3125 3126 3128 3129 3131 3132 3134 3135 3143 3144 3146 3147 3149 3150 3153 3155 3156 3158 3159 3164 3165 3167 3168 3170 3171 3173 3174 3176 3177 3179 3180 3185 3186 3231 3233 3234 3236 3237 3240 3242 3243 3245 3246 3248 3249 3255 3257 3258 3260 3261 3263 3264 3266 3267 3269 3270 3272 3273 3275 3276 3282 3309 3321 3323 3365 3366 3368 3374 3375 3380 3381 3383 3408 3411 3413 3414 3416 3434 3474 3476 3480 3483 3485 3486 3488 3489 3491 3492 3494 3497 3506 3507 3524 3525 3528 3537 3539 3542 3543 3546 3581 3591 3596 3597 3600 3605 3606 3615 3617 3618 3620 3623 3626 3627 3629 3630 3632 3633 3635 3636 3642 3651 3653 3654 3657 3659 3663 3665 3666 3669 3671 3674 3675 3677 3683 3686 3722 3723 3725 3726 3728 3734 3737 3738 3740 3741 3743 3746 3747 3755 3756 3758 3759 3762 3764 3765 3767 3768 3770 3771 3773 3774 3776 3777 3779 3782 3783 3806 3881 3884 3888 3890 3899 3918 3926 3933 3936 3948 3953 3956 3959 3965 3968 3969 3971 3995 3998 4004 4067 4072 4075 4081 4100 4237 4243 4247 4249 4252 4255 4259 4262 4264 4271 4273 4297 4337 4342 4348 4351 4357 4361 4363 4373 4375 4402 4582 4583 4592 4600 4601 4603 4616 4618 4619 4621 4624 4625 4627 4628 4630 4631 4633 4636 4642 4648 4667 4670 4672 4681 4685 4688 4702 4787 4795 4796 4801 4808 4810 4819 4820 4825 4828 4829 4832 4858 4861 4870 4876 4885 4886 4889 4891 4892 4903 4904 4907 4909 4910 4913 4933 4942 4943 4969 4972 4975 5011 5137 5140 5146 5158 5161 5165 5182 5186 5221 5241 5242 5244 5247 5250 5251 5253 5257 5269 5271 5272 5302 5320 5322 5323 5340 5343 5344 5350 5353 5362 5368 5373 5374 5376 5391 5394 5395 5397 5400 5401 5403 5416 5428 5436 5458 5460 5464 5467 5482 5485 5491 5499 5508 5524 5742 5744 5745 5747 5748 5750 5753 5759 5760 5762 5763 5765 5766 5768 5772 5774 5777 5780 5881 5905 5908 5914 5917 5918 5926 5935 5939 5942 5953 5977 5983 5984 5990 5998 ;9
10;Profile for flight with uids: 2581 2694 3216 3710 3996 4235 4762 4771 4780 4874 4939 5099 5101 5173 5176 5183 5691 5717 5896 5911 5989 ;10
11;Profile for flight with uids: 2290 2308 2428 2430 3116 3120 3122 3356 3357 3359 3362 3363 3470 3471 3473 4547 4555 4565 5604 5606 5607 5609 5610 5612 5613 5615 5616 5618 5619 5621 5622 5624 5625 5627 5628 5630 5631 5706 5715 5723 5724 5726 5727 5729 5730 5732 5733 5735 5736 5738 5739 5741 ;11
